Roll,ID No.
153,1190153
154,1190154
155,1190155
156,1190156
157,1190157
158,1190158
159,1190159
160,1190160
162,1190162
165,1190165
167,1190167
168,1190168
169,1190169
170,1190170
171,1190171
172,1190172
174,1190174
175,1190175
177,1190177
179,1190179
181,1190181
182,1190182
184,1190184
186,1190186
188,1190188
189,1190189
190,1190190
191,1190191
192,1190192
193,1190193
194,1190194
197,1190197
199,1190199
202,1190202
204,1190204
206,1190206
208,1190208
209,1190209
210,1190210
212,1190212
216,1190216
217,1190217
218,1190218
221,1190221
222,1190222
223,1190223
224,1190224
225,1190225
229,1190229
230,1190230
231,1190231
232,1190232
235,1190235
236,1190236
238,1190238
241,1190241
242,1190242
243,1190243
245,1190245
246,1190246
249,1190249
250,1190250
252,1190252
254,1190254
253,1190253
256,1190256
258,1190258
259,1190259
260,1190260
263,1190263
264,1190264
267,1190267
274,1190274
276,1190276
277,1190277
279,1190279
280,1190280
