Roll,Id
289,02-20-0289
290,02-20-0290
291,02-20-0291
293,02-20-0293
294,02-20-0294
296,02-20-0296
300,02-20-0300
301,02-20-0301
302,02-20-0302
303,02-20-0303
304,02-20-0304
306,02-20-0306
307,02-20-0307
308,02-20-0308
309,02-20-0309
310,02-20-0310
311,02-20-0311
312,02-20-0312
313,02-20-0313
315,02-20-0315
317,02-20-0317
318,02-20-0318
319,02-20-0319
321,02-20-0321
323,02-20-0323
324,02-20-0324
325,02-20-0325
326,02-20-0326
329,02-20-0329
331,02-20-0331
334,02-20-0334
335,02-20-0335
336,02-20-0336
337,02-20-0337
338,02-20-0338
339,02-20-0339
340,02-20-0340
341,02-20-0341
344,02-20-0344
348,02-20-0348
350,02-20-0350
352,02-20-0352
353,02-20-0353
354,02-20-0354
355,02-20-0355
356,02-20-0356
357,02-20-0357
358,02-20-0358
360,02-20-0360
362,02-20-0362
363,02-20-0363
364,02-20-0364
365,02-20-0365
371,02-20-0371
372,02-20-0372
373,02-20-0373
374,02-20-0374
375,02-20-0375
376,02-20-0376
377,02-20-0377
378,02-20-0378
380,02-20-0380
381,02-20-0381
383,02-20-0383
384,02-20-0384
385,02-20-0385
388,02-20-0388
389,02-20-0389
391,02-20-0391
392,02-20-0392
393,02-20-0393
394,02-20-0394
396,02-20-0396
397,02-20-0397
398,02-20-0398
401,02-20-0401
402,02-20-0402
403,02-20-0403
404,02-20-0404
405,02-20-0405
406,02-20-0406
